{"cameraMode":{"drawMode":0,"name":"Shaded","section":"Shading Mode"},"sceneLighting":true,"audioPlay":false,"sceneViewState":{"m_AlwaysRefresh":false,"showFog":true,"showSkybox":true,"showFlares":true,"showImageEffects":true,"showParticleSystems":true,"showVisualEffectGraphs":true,"m_FxEnabled":true},"in2DMode":false,"pivot":{"x":-0.04550972208380699,"y":-0.24730552732944489,"z":1.332046627998352},"rotation":{"x":0.21546034514904023,"y":-0.1753474622964859,"z":0.039401691406965259,"w":0.9598982930183411},"size":1.400208592414856,"orthographic":false}